{
    "loss": 7.170629978179932,
    "accuracy": 0.8010203838348389
}